<?xml version="1.0"?>
<pagescount>
	<html_total>20</html_total>
	<html_done>20</html_done>
	<images>79</images>
	<script>14</script>
	<css>18</css>
	<pdf/>
	<documents/>
	<excel/>
	<powerpoint/>
	<flash/>
	<audios/>
	<videos/>
	<xml/>
	<json/>
	<txt/>
	<autocad/>
	<model_3d/>
	<fonts>12</fonts>
	<scraping_reload>1</scraping_reload>
	<is_pretty_url>false</is_pretty_url>
	<has_trailing_slash>false</has_trailing_slash>
	<is_ebn>false</is_ebn>
	<email>mdyusuf85211@gmail.com</email>
	<theme_name>WmdTheme911431</theme_name>
	<server_url_front_page>https://www6.waybackmachinedownloader.com/wdo/files/demo/exonow.netlify.app_mdyusuf85211_gmail.com_83gkxqsjb9/</server_url_front_page>
	<no_www_url>exonow.netlify.app</no_www_url>
	<hosted_domain/>
	<original_archive_url>https://exonow.netlify.app/</original_archive_url>
	<final_archive_url>https://exonow.netlify.app/</final_archive_url>
	<front_page_code_date/>
	<total_urls_from_api/>
	<max_reached_live>false</max_reached_live>
	<scrape_other_captures>false</scrape_other_captures>
	<total_size>8932</total_size>
</pagescount>
